addr_1,addr_2,addr_3,addr_4,lon,lat,road_trunk_3km,road_primary_3km,road_secondary_3km,road_tertiary_3km,road_res_uncl_3km,road_bus_stop_3km,road_parking_3km,road_fuel_3km,amenity_gov_3km,amenity_health_3km,amenity_school_3km,amenity_police_3km,amenity_post_3km,amenity_bank_3km,amenity_shop_3km,places_total_3km,buildings_total_3km,road_types_3km,landuse_types_3km,road_trunk_1km,road_primary_1km,road_secondary_1km,road_tertiary_1km,road_res_uncl_1km,road_bus_stop_1km,road_parking_1km,road_fuel_1km,amenity_gov_1km,amenity_health_1km,amenity_school_1km,amenity_police_1km,amenity_post_1km,amenity_bank_1km,amenity_shop_1km,places_total_1km,buildings_total_1km,road_types_1km,landuse_types_1km,node,boundary,u_addr_3,u_addr_4,score_1,score_2,score_3,score_4,score,u_addr_3_avg_score,addr_2_avg_score,addr_1_avg_score
上海市,市辖区,黄浦区,南京东路街道,121.4642644,31.2311363,69,407,587,343,757,1364,53,14,20,42,108,33,22,163,2073,76,10902,8,18,17,133,72,60,84,216,10,0,3,7,16,7,2,20,370,15,1241,8,13,8363727308,12236005,市辖区黄浦区,市辖区黄浦区南京东路街道,20.0,30.0,30.0,20.0,100.0,98.9,86.05953488372093,86.05953488372093
上海市,市辖区,黄浦区,外滩街道,121.4769284,31.2414303,78,397,680,420,843,1314,73,10,21,31,84,25,16,137,1403,75,7576,8,18,8,18,96,59,132,160,9,2,5,3,8,5,1,28,374,14,1606,7,8,8363556548,12235857,市辖区黄浦区,市辖区黄浦区外滩街道,20.0,30.0,30.0,20.0,100.0,98.9,86.05953488372093,86.05953488372093
上海市,市辖区,黄浦区,半淞园路街道,121.4827018,31.2090944,75,473,365,246,535,987,61,9,15,26,84,17,10,85,923,53,7628,8,15,7,43,36,32,60,120,8,2,0,3,17,3,0,3,40,7,837,6,9,8363596807,12235902,市辖区黄浦区,市辖区黄浦区半淞园路街道,20.0,30.0,28.0,20.0,98.0,98.9,86.05953488372093,86.05953488372093
上海市,市辖区,黄浦区,小东门街道,121.4965796,31.2219356,65,403,534,339,635,1143,99,7,10,22,76,16,6,102,973,51,6912,8,17,0,43,29,16,117,86,3,0,0,3,12,0,1,3,52,8,733,8,10,8363596810,12235905,市辖区黄浦区,市辖区黄浦区小东门街道,20.0,30.0,25.0,20.0,95.0,98.9,86.05953488372093,86.05953488372093
上海市,市辖区,黄浦区,豫园街道,121.4830613,31.2273624,74,481,608,311,750,1195,89,11,15,31,88,28,11,131,1467,76,8425,8,19,15,54,120,57,151,182,7,1,2,6,13,2,4,25,193,14,1407,7,11,8363596809,12235904,市辖区黄浦区,市辖区黄浦区豫园街道,20.0,30.0,30.0,20.0,100.0,98.9,86.05953488372093,86.05953488372093
上海市,市辖区,黄浦区,老西门街道,121.4816021,31.2171507,82,454,498,268,614,1080,71,10,18,32,94,21,10,120,1425,69,9559,8,16,0,20,62,40,126,134,0,0,0,4,15,1,0,9,69,10,1145,6,9,8363596808,12235903,市辖区黄浦区,市辖区黄浦区老西门街道,20.0,30.0,28.0,20.0,98.0,98.9,86.05953488372093,86.05953488372093
上海市,市辖区,黄浦区,五里桥街道,121.4770209,31.2028865,62,394,319,223,478,891,50,9,13,30,82,13,7,77,830,43,7387,8,15,21,81,60,15,50,118,11,3,0,4,11,3,0,8,38,4,534,6,9,8363665947,12235959,市辖区黄浦区,市辖区黄浦区五里桥街道,20.0,30.0,28.0,20.0,98.0,98.9,86.05953488372093,86.05953488372093
上海市,市辖区,黄浦区,打浦桥街道,121.4687168,31.2056211,69,392,351,202,496,944,54,11,23,42,94,17,10,104,1126,47,9122,8,15,14,122,29,18,62,105,5,3,2,4,16,5,2,25,151,7,704,5,8,8363665948,12235958,市辖区黄浦区,市辖区黄浦区打浦桥街道,20.0,30.0,30.0,20.0,100.0,98.9,86.05953488372093,86.05953488372093
上海市,市辖区,黄浦区,淮海中路街道,121.4712274,31.2169213,75,451,480,252,648,1153,58,10,23,42,109,20,14,140,1796,75,11313,8,16,9,81,43,40,107,139,7,1,2,7,9,2,2,14,164,11,1268,6,11,8363727310,12236003,市辖区黄浦区,市辖区黄浦区淮海中路街道,20.0,30.0,30.0,20.0,100.0,98.9,86.05953488372093,86.05953488372093
上海市,市辖区,黄浦区,瑞金二路街道,121.4625343,31.2192886,64,414,518,283,683,1272,52,14,32,51,127,25,18,163,2021,78,12386,8,16,18,95,37,35,61,139,9,3,3,8,17,5,2,17,270,5,1794,7,10,8363727309,12236004,市辖区黄浦区,市辖区黄浦区瑞金二路街道,20.0,30.0,30.0,20.0,100.0,98.9,86.05953488372093,86.05953488372093
上海市,市辖区,徐汇区,天平路街道,121.4341523,31.2048835,54,343,245,224,362,993,48,11,39,48,113,17,13,124,1433,38,11434,9,17,0,28,39,28,47,120,3,1,11,8,12,1,2,16,141,1,1484,6,10,9270802546,13469980,市辖区徐汇区,市辖区徐汇区天平路街道,20.0,30.0,30.0,20.0,100.0,96.92307692307692,86.05953488372093,86.05953488372093
上海市,市辖区,徐汇区,湖南路街道,121.4376026,31.2134661,50,370,261,209,424,1054,50,15,38,52,125,19,15,143,1636,41,11913,9,16,3,26,48,20,73,115,4,1,8,10,15,0,2,13,194,4,1832,7,10,9270802547,13469979,市辖区徐汇区,市辖区徐汇区湖南路街道,20.0,30.0,25.0,20.0,95.0,96.92307692307692,86.05953488372093,86.05953488372093
上海市,市辖区,徐汇区,斜土路街道,121.459028,31.2028079,54,377,322,194,418,915,47,10,30,41,104,15,11,128,1238,36,9487,8,15,2,41,34,17,57,106,3,2,6,6,20,2,2,25,213,7,1286,6,8,2688438125,13470053,市辖区徐汇区,市辖区徐汇区斜土路街道,20.0,30.0,30.0,20.0,100.0,96.92307692307692,86.05953488372093,86.05953488372093
上海市,市辖区,徐汇区,枫林路街道,121.4582988,31.1915884,50,332,276,194,328,798,47,10,33,30,90,11,9,110,803,25,7847,8,15,4,22,38,30,32,87,4,1,4,6,10,1,1,3,62,1,589,7,10,9270802548,13470052,市辖区徐汇区,市辖区徐汇区枫林路街道,20.0,30.0,30.0,20.0,100.0,96.92307692307692,86.05953488372093,86.05953488372093
上海市,市辖区,徐汇区,长桥街道,121.4320545,31.1339122,36,210,170,160,406,703,13,6,14,9,80,8,12,17,219,7,2890,9,18,2,0,32,25,34,104,2,0,1,3,19,2,4,2,12,2,171,8,9,9270832284,13470589,市辖区徐汇区,市辖区徐汇区长桥街道,20.0,30.0,30.0,20.0,100.0,96.92307692307692,86.05953488372093,86.05953488372093
上海市,市辖区,徐汇区,田林街道,121.4182666,31.1760472,49,261,185,289,264,904,22,7,33,23,97,8,6,56,489,18,5486,9,15,2,10,23,21,14,77,0,0,6,3,17,1,1,4,58,2,864,4,9,9270808929,13470318,市辖区徐汇区,市辖区徐汇区田林街道,20.0,30.0,30.0,20.0,100.0,96.92307692307692,86.05953488372093,86.05953488372093
上海市,市辖区,徐汇区,虹梅路街道,121.3914601,31.1743059,35,170,115,260,268,809,21,6,11,16,60,7,4,20,200,5,2742,8,15,14,18,31,45,39,101,4,2,1,2,2,0,0,4,15,1,222,6,8,9270807645,13470463,市辖区徐汇区,市辖区徐汇区虹梅路街道,20.0,30.0,23.0,20.0,93.0,96.92307692307692,86.05953488372093,86.05953488372093
上海市,市辖区,徐汇区,康健新村街道,121.4181872,31.1577189,59,255,222,223,319,918,17,7,24,21,106,7,15,22,323,9,4549,9,17,8,47,41,53,34,138,0,0,2,2,22,0,0,1,38,1,553,7,9,9270807644,13470479,市辖区徐汇区,市辖区徐汇区康健新村街道,20.0,30.0,23.0,20.0,93.0,96.92307692307692,86.05953488372093,86.05953488372093
上海市,市辖区,徐汇区,徐家汇街道,121.4412116,31.1931669,24,222,217,227,306,694,23,6,35,22,93,6,6,51,476,15,5172,9,16,11,47,8,42,52,96,4,1,7,4,16,0,1,5,21,2,902,8,10,9270802549,13469990,市辖区徐汇区,市辖区徐汇区徐家汇街道,20.0,30.0,25.0,20.0,95.0,96.92307692307692,86.05953488372093,86.05953488372093
上海市,市辖区,徐汇区,凌云路街道,121.4096242,31.1404652,52,246,176,206,400,946,22,4,8,17,87,7,12,16,216,7,2038,9,15,12,76,11,14,67,104,2,0,0,4,12,1,2,2,36,1,310,5,6,9270832283,13470540,市辖区徐汇区,市辖区徐汇区凌云路街道,20.0,30.0,30.0,20.0,100.0,96.92307692307692,86.05953488372093,86.05953488372093
上海市,市辖区,徐汇区,龙华街道,121.4460408,31.1706425,36,216,177,233,301,612,31,6,28,17,80,6,5,39,410,15,4692,9,17,0,23,14,39,57,86,5,1,6,1,13,0,0,2,11,3,759,8,11,9270832282,13470146,市辖区徐汇区,市辖区徐汇区龙华街道,20.0,30.0,23.0,20.0,93.0,96.92307692307692,86.05953488372093,86.05953488372093
上海市,市辖区,徐汇区,漕河泾街道,121.4250325,31.1676393,41,229,221,255,324,829,28,8,32,21,111,4,7,39,357,12,5665,9,15,4,40,0,50,41,85,0,1,8,3,12,1,0,3,101,2,903,4,8,9270808942,13470278,市辖区徐汇区,市辖区徐汇区漕河泾街道,20.0,30.0,28.0,20.0,98.0,96.92307692307692,86.05953488372093,86.05953488372093
上海市,市辖区,徐汇区,华泾镇,121.4511781,31.1196072,22,83,111,139,315,414,7,3,11,3,40,3,7,10,78,18,1718,9,19,0,21,0,12,66,68,1,0,4,0,8,1,0,5,41,1,635,6,10,9270832285,13470658,市辖区徐汇区,市辖区徐汇区华泾镇,20.0,30.0,23.0,20.0,93.0,96.92307692307692,86.05953488372093,86.05953488372093
上海市,市辖区,长宁区,华阳路街道,121.4175849,31.217428,41,370,215,260,375,980,72,11,33,38,97,19,14,85,1254,52,9888,9,16,14,57,9,43,50,116,10,1,3,4,9,2,2,8,103,3,1501,7,12,9270794421,13469230,市辖区长宁区,市辖区长宁区华阳路街道,20.0,30.0,30.0,20.0,100.0,99.0,86.05953488372093,86.05953488372093
上海市,市辖区,长宁区,江苏路街道,121.4270996,31.2212882,47,354,234,222,422,1046,63,15,27,40,113,17,14,95,1521,46,11765,9,16,5,46,27,22,45,111,5,2,4,9,18,3,1,11,111,5,1330,8,9,9270713668,13469138,市辖区长宁区,市辖区长宁区江苏路街道,20.0,30.0,30.0,20.0,100.0,99.0,86.05953488372093,86.05953488372093
上海市,市辖区,长宁区,新华路街道,121.4215227,31.2069116,38,330,216,265,335,956,59,7,41,43,102,20,10,113,1278,48,9800,9,17,7,40,14,31,39,111,3,1,1,7,8,0,2,6,86,6,1353,9,11,9270760028,13469094,市辖区长宁区,市辖区长宁区新华路街道,20.0,30.0,25.0,20.0,95.0,99.0,86.05953488372093,86.05953488372093
上海市,市辖区,长宁区,周家桥街道,121.4025546,31.2192688,59,357,166,315,378,862,72,12,22,29,76,24,11,61,883,43,7769,9,16,8,33,18,51,35,100,25,0,2,3,10,1,1,9,139,8,1180,8,10,9270713669,13469231,市辖区长宁区,市辖区长宁区周家桥街道,20.0,30.0,30.0,20.0,100.0,99.0,86.05953488372093,86.05953488372093
上海市,市辖区,长宁区,天山路街道,121.4023565,31.210868,56,320,155,290,352,796,71,9,20,32,74,23,10,66,878,39,7492,9,17,20,90,32,55,24,109,16,1,4,5,9,3,1,22,405,12,1061,7,11,9270713670,13469232,市辖区长宁区,市辖区长宁区天山路街道,20.0,30.0,30.0,20.0,100.0,99.0,86.05953488372093,86.05953488372093
上海市,市辖区,长宁区,仙霞新村街道,121.3901537,31.2058946,66,303,138,327,331,725,65,10,24,28,55,24,6,57,826,33,5050,9,16,7,49,22,44,33,105,6,1,6,5,12,2,1,12,266,13,940,7,12,9270797627,13469351,市辖区长宁区,市辖区长宁区仙霞新村街道,20.0,30.0,30.0,20.0,100.0,99.0,86.05953488372093,86.05953488372093
上海市,市辖区,长宁区,虹桥街道,121.4045052,31.1991038,54,311,174,287,331,783,55,5,24,29,78,23,6,75,934,40,6960,9,16,12,66,6,45,21,93,4,1,1,3,7,6,0,5,59,2,775,7,10,9270713667,13469352,市辖区长宁区,市辖区长宁区虹桥街道,20.0,30.0,28.0,20.0,98.0,99.0,86.05953488372093,86.05953488372093
上海市,市辖区,长宁区,程家桥街道,121.3638893,31.1963932,48,207,160,324,382,651,27,10,18,21,43,17,5,36,413,14,1714,9,15,4,44,0,42,57,61,4,0,0,7,3,2,0,1,5,1,162,4,9,9270713671,14184034,市辖区长宁区,市辖区长宁区程家桥街道,20.0,30.0,27.0,20.0,97.0,99.0,86.05953488372093,86.05953488372093
上海市,市辖区,长宁区,北新泾街道,121.3699314,31.220607,59,209,208,390,406,701,33,9,26,22,43,19,3,50,664,25,2539,9,16,21,41,17,51,55,77,4,3,15,5,8,4,1,4,98,4,166,8,11,9270738357,14184083,市辖区长宁区,市辖区长宁区北新泾街道,20.0,30.0,30.0,20.0,100.0,99.0,86.05953488372093,86.05953488372093
上海市,市辖区,长宁区,新泾镇,121.3679466,31.2140354,60,280,203,356,423,684,35,8,25,24,40,19,3,58,673,24,2410,9,16,15,40,19,64,72,94,4,5,14,5,8,3,1,7,108,2,208,7,13,9270713676,14184082,市辖区长宁区,市辖区长宁区新泾镇,20.0,30.0,30.0,20.0,100.0,99.0,86.05953488372093,86.05953488372093
上海市,市辖区,静安区,江宁路街道,121.443156,31.241971,83,412,384,257,566,1172,38,18,29,29,113,20,15,91,1357,67,6983,9,17,6,27,69,27,91,148,3,1,1,2,7,2,4,24,194,4,314,8,9,6547128310,14186018,市辖区静安区,市辖区静安区江宁路街道,20.0,30.0,30.0,20.0,100.0,96.64285714285714,86.05953488372093,86.05953488372093
上海市,市辖区,静安区,石门二路街道,121.4528511,31.2376942,83,396,519,326,687,1321,51,19,21,39,107,30,17,129,1852,75,9409,8,17,2,24,89,28,99,133,3,2,3,4,14,3,2,23,273,8,714,8,14,6547128311,14186017,市辖区静安区,市辖区静安区石门二路街道,20.0,30.0,30.0,20.0,100.0,96.64285714285714,86.05953488372093,86.05953488372093
上海市,市辖区,静安区,南京西路街道,121.4477857,31.2244219,48,404,402,262,607,1276,48,16,35,48,115,26,17,160,1996,74,11745,9,18,10,36,78,26,57,169,9,2,1,10,14,1,2,18,444,4,1386,7,10,6547128312,14186016,市辖区静安区,市辖区静安区南京西路街道,20.0,30.0,30.0,20.0,100.0,96.64285714285714,86.05953488372093,86.05953488372093
上海市,市辖区,静安区,静安寺街道,121.438873,31.2264779,55,361,324,240,522,1131,45,14,33,47,111,24,18,125,1653,58,11568,9,18,6,23,66,26,51,182,9,3,3,10,15,4,2,15,302,7,739,7,11,6547128313,14186014,市辖区静安区,市辖区静安区静安寺街道,20.0,30.0,30.0,20.0,100.0,96.64285714285714,86.05953488372093,86.05953488372093
上海市,市辖区,静安区,曹家渡街道,121.4352329,31.2313924,55,359,328,229,527,1108,51,16,36,43,114,23,17,102,1498,56,10922,9,18,2,0,49,22,77,176,3,4,3,4,17,6,2,13,205,5,711,7,10,6547128314,14186015,市辖区静安区,市辖区静安区曹家渡街道,20.0,30.0,30.0,20.0,100.0,96.64285714285714,86.05953488372093,86.05953488372093
上海市,市辖区,静安区,天目西路街道,121.4566157,31.2489416,78,415,486,344,726,1239,51,18,21,28,98,29,14,108,1393,70,6867,8,18,18,58,76,71,93,165,4,2,4,3,7,3,4,14,88,6,359,8,12,6547128308,14186013,市辖区静安区,市辖区静安区天目西路街道,20.0,30.0,30.0,20.0,100.0,96.64285714285714,86.05953488372093,86.05953488372093
上海市,市辖区,静安区,北站街道,121.465466,31.2426182,96,425,594,390,798,1330,64,15,22,35,89,28,18,133,1698,77,7548,8,17,13,43,76,36,116,121,6,3,3,4,12,2,1,10,167,19,1193,6,16,9772964617,14186012,市辖区静安区,市辖区静安区北站街道,20.0,30.0,30.0,20.0,100.0,96.64285714285714,86.05953488372093,86.05953488372093
上海市,市辖区,静安区,宝山路街道,121.4641571,31.2635668,63,353,420,314,643,1003,49,14,18,17,97,23,8,58,525,45,7048,8,17,20,58,41,40,72,123,2,1,2,2,14,1,0,2,20,3,435,5,9,9772941416,14186011,市辖区静安区,市辖区静安区宝山路街道,20.0,30.0,28.0,20.0,98.0,96.64285714285714,86.05953488372093,86.05953488372093
上海市,市辖区,静安区,共和新路街道,121.4577842,31.2755249,67,388,257,277,373,952,34,15,14,18,96,21,4,21,187,23,5162,8,18,2,32,13,23,58,80,3,0,2,2,12,0,0,3,24,2,971,5,11,9772935313,14186010,市辖区静安区,市辖区静安区共和新路街道,20.0,30.0,23.0,20.0,93.0,96.64285714285714,86.05953488372093,86.05953488372093
上海市,市辖区,静安区,大宁路街道,121.4524519,31.2870872,63,377,189,210,371,833,38,15,8,14,86,14,0,13,108,12,4491,8,16,11,52,18,19,27,75,4,1,0,1,7,1,0,3,16,1,263,7,10,9772909543,14186009,市辖区静安区,市辖区静安区大宁路街道,20.0,30.0,28.0,20.0,98.0,96.64285714285714,86.05953488372093,86.05953488372093
上海市,市辖区,静安区,彭浦新村街道,121.4419913,31.3143232,23,227,113,163,207,706,30,4,3,13,63,3,0,2,46,7,1429,8,16,5,37,9,16,25,120,0,1,0,3,16,0,0,0,1,1,96,3,6,9772944404,14186008,市辖区静安区,市辖区静安区彭浦新村街道,20.0,30.0,16.0,20.0,86.0,96.64285714285714,86.05953488372093,86.05953488372093
上海市,市辖区,静安区,临汾路街道,121.45581,31.312325,29,280,109,183,229,778,32,4,4,13,73,3,0,5,40,9,1356,8,14,0,33,6,33,26,113,0,0,1,2,15,0,0,0,0,1,53,4,5,9772944403,14186007,市辖区静安区,市辖区静安区临汾路街道,20.0,30.0,15.0,20.0,85.0,96.64285714285714,86.05953488372093,86.05953488372093
上海市,市辖区,静安区,芷江西路街道,121.4602505,31.2603114,57,355,447,300,675,1037,46,13,18,18,100,20,10,72,721,47,6707,8,18,26,66,39,41,55,118,0,2,2,3,15,1,1,2,23,3,260,6,8,6547128309,14186006,市辖区静安区,市辖区静安区芷江西路街道,20.0,30.0,30.0,20.0,100.0,96.64285714285714,86.05953488372093,86.05953488372093
上海市,市辖区,静安区,彭浦镇,121.4356141,31.2850073,40,278,172,182,366,755,37,13,5,11,67,3,0,17,132,8,4504,8,18,2,28,24,25,35,73,12,5,0,2,5,0,0,2,9,1,200,8,10,9772944402,14186005,市辖区静安区,市辖区静安区彭浦镇,20.0,30.0,23.0,20.0,93.0,96.64285714285714,86.05953488372093,86.05953488372093
上海市,市辖区,普陀区,曹杨新村街道,121.4056342,31.243704,54,269,206,255,390,851,46,8,23,15,75,13,7,20,222,25,5472,9,16,9,60,5,33,54,107,3,1,2,2,11,0,0,2,24,1,859,8,10,7650906700,14187873,市辖区普陀区,市辖区普陀区曹杨新村街道,20.0,30.0,23.0,20.0,93.0,94.4,86.05953488372093,86.05953488372093
上海市,市辖区,普陀区,长风新村街道,121.4061499,31.2318238,73,321,189,278,396,874,68,10,22,23,79,16,9,57,794,37,6969,9,16,7,26,5,44,32,75,23,0,1,1,9,1,2,2,17,3,1088,6,9,7650906698,14187872,市辖区普陀区,市辖区普陀区长风新村街道,20.0,30.0,30.0,20.0,100.0,94.4,86.05953488372093,86.05953488372093
上海市,市辖区,普陀区,长寿路街道,121.429651,31.2412717,54,319,318,233,520,1037,45,16,28,26,100,20,15,74,1003,44,7041,9,18,4,29,24,9,87,107,1,2,2,1,14,3,2,6,79,5,473,7,8,7650906693,14187871,市辖区普陀区,市辖区普陀区长寿路街道,20.0,30.0,30.0,20.0,100.0,94.4,86.05953488372093,86.05953488372093
上海市,市辖区,普陀区,甘泉路街道,121.426058,31.2635326,42,276,253,240,484,947,22,14,18,11,79,10,8,35,317,22,5046,9,17,0,14,20,15,39,94,0,0,8,3,20,2,1,3,14,3,951,9,9,7650906687,14187870,市辖区普陀区,市辖区普陀区甘泉路街道,20.0,30.0,30.0,20.0,100.0,94.4,86.05953488372093,86.05953488372093
上海市,市辖区,普陀区,石泉路街道,121.4196271,31.257175,30,273,283,239,478,953,22,13,21,10,82,11,7,37,316,26,5373,9,17,2,15,22,21,48,75,0,0,9,2,14,3,2,0,28,4,916,9,8,7650906686,14187869,市辖区普陀区,市辖区普陀区石泉路街道,20.0,30.0,28.0,20.0,98.0,94.4,86.05953488372093,86.05953488372093
上海市,市辖区,普陀区,宜川路街道,121.4395862,31.2573832,60,296,309,214,546,986,23,18,20,18,94,16,12,57,489,37,5377,9,19,9,51,44,27,59,86,7,4,2,0,9,1,0,2,49,5,478,6,9,7650880783,14187868,市辖区普陀区,市辖区普陀区宜川路街道,20.0,30.0,23.0,20.0,93.0,94.4,86.05953488372093,86.05953488372093
上海市,市辖区,普陀区,万里街道,121.400429,31.2738576,22,202,191,192,427,751,21,6,13,12,49,6,1,20,111,9,2864,9,17,2,19,46,45,0,103,1,0,1,0,5,0,0,0,7,1,116,6,8,7650880780,14187867,市辖区普陀区,市辖区普陀区万里街道,20.0,30.0,16.0,20.0,86.0,94.4,86.05953488372093,86.05953488372093
上海市,市辖区,普陀区,真如镇街道,121.3963144,31.2585858,53,256,196,257,332,837,22,7,17,14,64,6,5,19,108,12,3693,9,16,4,40,47,16,62,100,1,1,3,1,4,1,0,3,8,3,184,8,10,7650880782,14187866,市辖区普陀区,市辖区普陀区真如镇街道,20.0,30.0,28.0,20.0,98.0,94.4,86.05953488372093,86.05953488372093
上海市,市辖区,普陀区,长征镇,121.3685477,31.2398306,88,227,164,378,394,745,20,11,22,15,35,17,2,25,321,8,1410,9,17,12,28,4,38,39,84,0,0,2,1,3,1,0,3,23,2,46,6,7,7650880772,14187865,市辖区普陀区,市辖区普陀区长征镇,20.0,30.0,28.0,20.0,98.0,94.4,86.05953488372093,86.05953488372093
上海市,市辖区,普陀区,桃浦镇,121.3590054,31.2807935,18,123,125,134,282,420,12,4,1,4,15,0,0,0,15,3,347,9,17,0,16,17,1,17,41,0,1,1,1,0,0,0,0,0,2,28,6,8,7650880773,14187864,市辖区普陀区,市辖区普陀区桃浦镇,18.0,30.0,10.0,20.0,78.0,94.4,86.05953488372093,86.05953488372093
上海市,市辖区,虹口区,欧阳路街道,121.488008,31.2702887,51,392,302,274,567,973,60,18,22,24,108,32,6,31,367,28,6798,8,17,0,36,27,33,59,85,10,3,7,1,15,5,3,14,52,4,1006,6,11,9270831715,13465959,市辖区虹口区,市辖区虹口区欧阳路街道,20.0,30.0,30.0,20.0,100.0,95.5,86.05953488372093,86.05953488372093
上海市,市辖区,虹口区,曲阳路街道,121.4914188,31.290326,59,435,163,291,370,865,97,9,22,21,103,27,7,29,242,17,5846,8,17,23,102,0,37,42,104,11,1,4,6,13,4,0,0,38,3,959,7,14,9270831716,13466001,市辖区虹口区,市辖区虹口区曲阳路街道,20.0,30.0,26.0,20.0,96.0,95.5,86.05953488372093,86.05953488372093
上海市,市辖区,虹口区,广中路街道,121.4679155,31.2753826,70,469,246,277,467,918,57,13,20,22,100,24,5,34,274,22,5975,8,17,3,41,33,14,52,99,4,2,2,3,16,3,0,0,19,2,1190,7,11,9270937926,13466055,市辖区虹口区,市辖区虹口区广中路街道,20.0,30.0,26.0,20.0,96.0,95.5,86.05953488372093,86.05953488372093
上海市,市辖区,虹口区,嘉兴路街道,121.4956955,31.2733189,54,418,251,261,519,935,72,17,25,25,110,28,6,33,354,22,6405,8,19,0,40,13,22,53,90,15,3,6,1,18,5,1,7,33,5,841,6,10,9270831714,13462879,市辖区虹口区,市辖区虹口区嘉兴路街道,20.0,30.0,30.0,20.0,100.0,95.5,86.05953488372093,86.05953488372093
上海市,市辖区,虹口区,凉城新村街道,121.466347,31.2965796,62,444,150,229,312,862,38,7,11,21,86,22,0,7,92,11,4107,8,15,4,35,39,35,50,118,6,3,1,1,11,0,0,0,3,2,349,5,10,9270762168,13466134,市辖区虹口区,市辖区虹口区凉城新村街道,20.0,30.0,18.0,20.0,88.0,95.5,86.05953488372093,86.05953488372093
上海市,市辖区,虹口区,四川北路街道,121.4813929,31.2652179,54,346,342,296,600,986,69,16,27,25,104,31,8,50,525,33,7040,8,17,0,20,67,51,122,93,9,1,7,4,11,1,2,13,67,4,825,8,12,9270910324,13462869,市辖区虹口区,市辖区虹口区四川北路街道,20.0,30.0,30.0,20.0,100.0,95.5,86.05953488372093,86.05953488372093
上海市,市辖区,虹口区,北外滩街道,121.4947857,31.2539869,34,275,532,317,697,1075,88,15,23,21,84,18,11,86,797,44,6579,8,18,6,35,59,54,84,115,8,2,1,4,6,4,0,5,64,3,680,6,10,9270936318,13462842,市辖区虹口区,市辖区虹口区北外滩街道,20.0,30.0,28.0,20.0,98.0,95.5,86.05953488372093,86.05953488372093
上海市,市辖区,虹口区,江湾镇街道,121.4686998,31.3063912,62,400,114,236,259,824,30,4,6,16,71,18,1,3,49,11,2388,8,17,0,32,29,41,66,98,7,1,3,6,10,0,0,0,1,3,140,5,9,9270762179,13466137,市辖区虹口区,市辖区虹口区江湾镇街道,20.0,30.0,16.0,20.0,86.0,95.5,86.05953488372093,86.05953488372093
上海市,市辖区,杨浦区,定海路街道,121.5448768,31.2810428,32,169,141,86,249,613,33,4,2,15,60,1,2,4,65,16,2011,9,15,10,26,24,4,28,78,3,0,0,1,11,1,0,0,5,3,274,4,9,9272337435,13466400,市辖区杨浦区,市辖区杨浦区定海路街道,20.0,30.0,25.0,20.0,95.0,96.58333333333333,86.05953488372093,86.05953488372093
上海市,市辖区,杨浦区,平凉路街道,121.5149223,31.2633672,30,230,277,150,520,812,66,14,15,20,91,8,6,37,254,19,3806,8,16,2,18,35,12,60,115,0,3,2,2,10,1,0,2,22,4,389,6,9,9272137770,13464332,市辖区杨浦区,市辖区杨浦区平凉路街道,20.0,30.0,28.0,20.0,98.0,96.58333333333333,86.05953488372093,86.05953488372093
上海市,市辖区,杨浦区,江浦路街道,121.5130762,31.2685549,30,226,217,173,458,798,78,14,19,20,99,12,7,30,273,19,4043,8,17,2,29,31,19,48,95,1,2,1,3,12,0,0,1,23,3,635,6,9,9272137771,13464392,市辖区杨浦区,市辖区杨浦区江浦路街道,20.0,30.0,23.0,20.0,93.0,96.58333333333333,86.05953488372093,86.05953488372093
上海市,市辖区,杨浦区,四平路街道,121.5073708,31.2787203,62,394,189,245,433,875,75,16,22,27,105,26,6,24,298,24,5150,8,18,6,33,26,25,70,105,5,2,0,3,21,1,1,1,31,2,756,8,11,9272137772,13466002,市辖区杨浦区,市辖区杨浦区四平路街道,20.0,30.0,30.0,20.0,100.0,96.58333333333333,86.05953488372093,86.05953488372093
上海市,市辖区,杨浦区,控江路街道,121.5234292,31.2863695,51,280,144,209,337,795,78,8,10,23,94,6,3,15,182,18,3539,9,19,3,23,16,16,27,93,15,0,2,2,18,0,0,2,9,2,170,5,8,9272337432,13466004,市辖区杨浦区,市辖区杨浦区控江路街道,20.0,30.0,23.0,20.0,93.0,96.58333333333333,86.05953488372093,86.05953488372093
上海市,市辖区,杨浦区,长白新村街道,121.5388303,31.2947971,52,208,124,164,196,633,65,5,5,14,58,5,3,6,88,12,2290,9,16,2,18,27,20,41,108,5,0,0,5,9,1,0,0,6,2,462,6,7,9272337436,13466407,市辖区杨浦区,市辖区杨浦区长白新村街道,20.0,30.0,26.0,20.0,96.0,96.58333333333333,86.05953488372093,86.05953488372093
上海市,市辖区,杨浦区,延吉新村街道,121.5288857,31.2864194,56,259,148,186,305,728,61,7,7,20,83,5,3,8,132,19,3341,9,18,7,14,24,22,25,105,8,0,1,2,17,0,0,1,6,3,167,5,7,9272337433,13466383,市辖区杨浦区,市辖区杨浦区延吉新村街道,20.0,30.0,23.0,20.0,93.0,96.58333333333333,86.05953488372093,86.05953488372093
上海市,市辖区,杨浦区,殷行街道,121.5337447,31.3260516,26,134,97,193,126,469,88,3,2,13,42,6,2,7,76,8,1690,9,17,2,12,24,37,9,108,11,1,0,3,19,1,1,2,12,2,422,7,9,9272337440,13466582,市辖区杨浦区,市辖区杨浦区殷行街道,20.0,30.0,30.0,20.0,100.0,96.58333333333333,86.05953488372093,86.05953488372093
上海市,市辖区,杨浦区,大桥街道,121.5254918,31.2700916,30,211,200,114,383,791,46,12,8,18,83,5,4,10,155,19,2660,8,16,12,44,33,4,75,79,1,1,2,6,10,0,1,1,20,3,152,3,11,9272337434,13466384,市辖区杨浦区,市辖区杨浦区大桥街道,20.0,30.0,25.0,20.0,95.0,96.58333333333333,86.05953488372093,86.05953488372093
上海市,市辖区,杨浦区,五角场街道,121.5153226,31.3070819,53,264,179,317,294,818,105,5,7,18,82,14,6,18,178,11,3339,8,19,8,58,17,53,38,98,20,0,2,4,8,1,0,5,43,3,374,6,13,244082474,13466003,市辖区杨浦区,市辖区杨浦区五角场街道,20.0,30.0,28.0,20.0,98.0,96.58333333333333,86.05953488372093,86.05953488372093
上海市,市辖区,杨浦区,新江湾城街道,121.5176852,31.3311578,20,176,205,233,199,520,98,3,3,12,42,8,3,11,97,8,1730,9,17,0,15,27,35,38,68,17,0,1,6,12,4,1,1,18,1,341,7,12,9272337439,13466494,市辖区杨浦区,市辖区杨浦区新江湾城街道,20.0,30.0,30.0,20.0,100.0,96.58333333333333,86.05953488372093,86.05953488372093
上海市,市辖区,杨浦区,长海路街道,121.5162569,31.3103964,49,249,183,311,268,779,108,4,6,20,73,13,5,17,156,10,3035,8,19,7,53,17,63,37,90,20,0,2,4,8,1,0,6,38,2,277,6,11,9272337438,13466408,市辖区杨浦区,市辖区杨浦区长海路街道,20.0,30.0,28.0,20.0,98.0,96.58333333333333,86.05953488372093,86.05953488372093
上海市,市辖区,闵行区,江川路街道,121.4134493,31.011146,0,78,75,141,206,576,28,0,4,6,28,3,2,4,116,2,785,9,16,0,18,15,20,21,98,0,0,1,1,14,0,0,2,22,1,281,6,8,3023990617,14187992,市辖区闵行区,市辖区闵行区江川路街道,17.0,28.0,23.0,20.0,88.0,90.07692307692308,86.05953488372093,86.05953488372093
上海市,市辖区,闵行区,古美街道,121.3823285,31.1521523,33,217,128,181,363,828,28,7,5,10,49,4,4,14,144,16,1137,9,15,0,34,4,28,66,101,0,0,1,0,4,0,0,0,8,1,95,3,7,-2,14187991,市辖区闵行区,市辖区闵行区古美街道,13.0,30.0,16.0,20.0,79.0,90.07692307692308,86.05953488372093,86.05953488372093
上海市,市辖区,闵行区,新虹街道,121.3037278,31.2075797,70,195,446,253,151,599,38,3,4,6,8,2,0,11,179,5,738,8,13,15,27,77,16,29,83,0,1,3,2,1,0,0,4,72,1,390,5,6,9270572730,14187990,市辖区闵行区,市辖区闵行区新虹街道,20.0,30.0,23.0,20.0,93.0,90.07692307692308,86.05953488372093,86.05953488372093
上海市,市辖区,闵行区,浦锦街道,121.4912727,31.0930767,4,86,113,179,463,492,26,1,12,7,8,3,2,10,101,13,805,9,17,0,0,39,12,86,60,3,0,3,3,1,2,0,0,18,2,40,3,8,3023991754,14187989,市辖区闵行区,市辖区闵行区浦锦街道,20.0,30.0,26.0,20.0,96.0,90.07692307692308,86.05953488372093,86.05953488372093
上海市,市辖区,闵行区,莘庄镇,121.3732993,31.112196,65,117,155,223,474,635,28,5,13,7,35,8,1,28,106,3,698,9,18,25,29,13,39,156,137,8,0,7,2,5,4,0,20,54,2,334,7,11,859922160,14187988,市辖区闵行区,市辖区闵行区莘庄镇,18.0,30.0,28.0,20.0,96.0,90.07692307692308,86.05953488372093,86.05953488372093
上海市,市辖区,闵行区,七宝镇,121.3463088,31.1602623,54,143,71,177,383,539,22,6,6,2,27,5,2,9,165,35,892,9,14,0,34,14,16,26,60,3,0,2,2,5,0,0,5,56,9,372,7,8,9270571604,14187987,市辖区闵行区,市辖区闵行区七宝镇,20.0,30.0,23.0,20.0,93.0,90.07692307692308,86.05953488372093,86.05953488372093
上海市,市辖区,闵行区,颛桥镇,121.3960953,31.0680127,53,87,93,88,306,451,7,7,2,3,15,2,0,0,26,4,729,7,16,24,15,0,10,71,86,1,0,1,2,5,1,0,0,0,1,147,4,7,3166475211,14187986,市辖区闵行区,市辖区闵行区颛桥镇,19.0,30.0,20.0,20.0,89.0,90.07692307692308,86.05953488372093,86.05953488372093
上海市,市辖区,闵行区,华漕镇,121.288687,31.2093816,49,166,401,278,194,625,27,3,4,10,13,4,0,12,189,5,783,9,14,2,39,28,35,19,56,3,2,1,2,1,1,0,3,34,2,130,5,7,9270477992,14187985,市辖区闵行区,市辖区闵行区华漕镇,20.0,30.0,28.0,20.0,98.0,90.07692307692308,86.05953488372093,86.05953488372093
上海市,市辖区,闵行区,虹桥镇,121.3800539,31.1789922,42,207,91,255,288,760,23,7,5,14,37,5,3,20,194,7,1900,8,15,0,18,16,39,29,83,5,0,1,2,4,0,2,1,20,1,54,3,7,9270562471,14187984,市辖区闵行区,市辖区闵行区虹桥镇,20.0,30.0,25.0,20.0,95.0,90.07692307692308,86.05953488372093,86.05953488372093
上海市,市辖区,闵行区,梅陇镇,121.4221198,31.1040904,6,117,106,164,341,517,9,7,6,3,30,0,1,7,44,6,1214,8,12,4,12,12,12,22,38,0,1,1,0,1,0,0,0,1,1,93,3,6,3166475214,14187983,市辖区闵行区,市辖区闵行区梅陇镇,20.0,30.0,11.0,20.0,81.0,90.07692307692308,86.05953488372093,86.05953488372093
上海市,市辖区,闵行区,吴泾镇,121.4508534,31.0405465,14,184,56,74,374,359,34,3,3,7,18,2,1,5,125,6,1623,9,17,10,52,0,13,133,51,3,2,2,3,7,1,0,1,33,1,408,8,11,3011823143,14187982,市辖区闵行区,市辖区闵行区吴泾镇,20.0,30.0,28.0,20.0,98.0,90.07692307692308,86.05953488372093,86.05953488372093
上海市,市辖区,闵行区,马桥镇,121.3643793,31.0318715,54,27,101,130,142,327,9,2,1,0,10,0,0,0,2,1,258,6,8,20,0,21,21,41,38,0,0,1,0,3,0,0,0,1,1,29,4,4,3166475209,14187981,市辖区闵行区,市辖区闵行区马桥镇,16.0,30.0,11.0,20.0,77.0,90.07692307692308,86.05953488372093,86.05953488372093
上海市,市辖区,闵行区,浦江镇,121.5120867,31.0782801,0,108,126,201,388,587,33,2,11,8,10,4,4,12,120,11,1009,9,18,0,26,6,22,39,41,2,1,1,0,1,0,0,1,12,1,75,5,7,9060578062,14187979,市辖区闵行区,市辖区闵行区浦江镇,20.0,30.0,18.0,20.0,88.0,90.07692307692308,86.05953488372093,86.05953488372093
上海市,市辖区,宝山区,友谊路街道,121.482606,31.3992554,18,95,126,7,192,453,11,0,2,6,30,1,2,1,7,5,246,9,15,4,9,22,0,31,104,1,0,1,1,8,0,1,0,7,2,42,6,7,2686075277,3532312,市辖区宝山区,市辖区宝山区友谊路街道,20.0,28.0,23.0,20.0,91.0,81.97500000000001,86.05953488372093,86.05953488372093
上海市,市辖区,宝山区,吴淞街道,121.4895071,31.3745763,32,116,62,48,145,288,4,2,2,2,21,2,0,1,13,7,243,9,17,18,36,8,3,56,62,3,0,0,1,9,1,0,1,0,1,54,8,4,2686076635,3532319,市辖区宝山区,市辖区宝山区吴淞街道,20.0,30.0,22.0,20.0,92.0,81.97500000000001,86.05953488372093,86.05953488372093
上海市,市辖区,宝山区,张庙街道,121.4372383,31.3385346,19,139,53,129,188,564,6,2,1,5,48,5,0,1,44,4,527,8,15,4,24,5,20,35,96,0,0,0,2,14,1,0,1,5,1,116,5,6,2684985633,3530696,市辖区宝山区,市辖区宝山区张庙街道,19.0,30.0,27.0,20.0,96.0,81.97500000000001,86.05953488372093,86.05953488372093
上海市,市辖区,宝山区,罗店镇,121.3511737,31.39689,0,105,80,119,275,320,0,0,0,1,10,0,0,0,5,16,7,9,9,0,24,17,36,46,48,0,0,0,0,1,0,0,0,2,1,3,4,3,2684932953,3531102,市辖区宝山区,市辖区宝山区罗店镇,20.0,26.0,7.0,9.0,62.0,81.97500000000001,86.05953488372093,86.05953488372093
上海市,市辖区,宝山区,大场镇,121.4122977,31.2886709,17,175,152,198,362,672,34,9,3,8,41,2,0,12,99,4,2917,9,17,7,27,18,30,88,85,5,3,1,1,5,1,0,0,19,2,367,5,7,2684732951,3532288,市辖区宝山区,市辖区宝山区大场镇,19.0,30.0,26.0,20.0,95.0,81.97500000000001,86.05953488372093,86.05953488372093
上海市,市辖区,宝山区,杨行镇,121.4337719,31.3664693,33,160,137,133,91,395,5,3,0,0,14,0,1,0,11,1,316,9,15,6,43,27,34,13,68,0,2,0,0,2,0,1,0,1,1,65,5,6,2686063967,3532291,市辖区宝山区,市辖区宝山区杨行镇,16.0,30.0,8.0,20.0,74.0,81.97500000000001,86.05953488372093,86.05953488372093
上海市,市辖区,宝山区,月浦镇,121.41711,31.4220763,45,42,28,75,164,217,18,2,0,1,11,0,0,0,4,3,334,8,13,16,20,0,10,25,48,0,0,0,0,4,0,0,0,0,1,6,5,4,2686063061,3532305,市辖区宝山区,市辖区宝山区月浦镇,18.0,30.0,5.0,20.0,73.0,81.97500000000001,86.05953488372093,86.05953488372093
上海市,市辖区,宝山区,罗泾镇,121.3229538,31.4746601,23,50,55,107,278,219,0,1,0,1,2,0,0,0,0,3,25,6,6,0,12,0,41,37,42,0,0,0,0,0,0,0,0,0,1,2,3,3,1743440624,3531114,市辖区宝山区,市辖区宝山区罗泾镇,18.0,28.0,0.0,8.7,54.7,81.97500000000001,86.05953488372093,86.05953488372093
上海市,市辖区,宝山区,顾村镇,121.402141,31.3513216,17,122,70,153,188,389,27,3,2,1,18,0,0,0,16,4,582,9,15,0,17,0,27,19,54,11,0,1,0,1,0,0,0,1,1,24,6,5,2684758100,3531170,市辖区宝山区,市辖区宝山区顾村镇,19.0,30.0,11.0,20.0,80.0,81.97500000000001,86.05953488372093,86.05953488372093
上海市,市辖区,宝山区,高境镇,121.4781046,31.3230626,8,193,167,225,327,738,46,5,5,15,51,8,2,7,58,8,1678,8,18,4,45,0,15,28,64,5,0,1,0,6,1,0,0,3,2,114,6,10,2684963936,3531159,市辖区宝山区,市辖区宝山区高境镇,20.0,30.0,18.0,20.0,88.0,81.97500000000001,86.05953488372093,86.05953488372093
上海市,市辖区,宝山区,庙行镇,121.4234562,31.3305928,16,134,57,113,182,535,7,1,1,5,51,4,0,2,66,5,777,7,16,0,0,29,32,54,90,1,0,0,0,4,0,0,0,0,1,27,4,9,2684971865,3531125,市辖区宝山区,市辖区宝山区庙行镇,20.0,30.0,10.0,20.0,80.0,81.97500000000001,86.05953488372093,86.05953488372093
上海市,市辖区,宝山区,淞南镇,121.4850403,31.3498876,27,126,124,101,213,350,19,6,2,3,15,6,0,4,50,5,987,9,16,0,30,2,18,33,52,0,1,1,3,4,3,0,1,15,3,304,5,11,2684999726,3530842,市辖区宝山区,市辖区宝山区淞南镇,20.0,30.0,28.0,20.0,98.0,81.97500000000001,86.05953488372093,86.05953488372093
上海市,市辖区,嘉定区,新成路街道,121.2653418,31.3883629,18,207,125,208,239,587,5,2,4,5,25,1,0,1,27,17,144,8,12,0,42,20,14,35,97,2,0,1,1,6,0,0,0,9,1,5,4,7,6547128323,17000642,市辖区嘉定区,市辖区嘉定区新成路街道,20.0,30.0,21.0,20.0,91.0,80.47,86.05953488372093,86.05953488372093
上海市,市辖区,嘉定区,真新街道,121.3556599,31.2462706,78,204,96,343,330,605,12,8,6,6,26,7,0,10,181,10,730,9,14,0,21,0,38,49,100,1,0,1,0,5,1,0,1,5,2,74,5,7,6547128324,15708594,市辖区嘉定区,市辖区嘉定区真新街道,20.0,30.0,22.0,20.0,92.0,80.47,86.05953488372093,86.05953488372093
上海市,市辖区,嘉定区,嘉定镇街道,121.2462737,31.3862271,49,249,191,291,233,733,6,2,4,4,27,1,0,2,34,7,178,8,14,0,50,9,62,24,75,3,0,0,3,8,0,0,1,10,1,64,6,5,6547128322,17000644,市辖区嘉定区,市辖区嘉定区嘉定镇街道,20.0,30.0,23.0,20.0,93.0,80.47,86.05953488372093,86.05953488372093
上海市,市辖区,嘉定区,南翔镇,121.316244,31.2957996,52,162,149,156,448,466,3,0,1,2,17,2,1,2,40,1,102,9,14,23,19,6,36,75,102,2,0,1,1,4,2,1,2,27,1,22,4,6,6547128320,17000640,市辖区嘉定区,市辖区嘉定区南翔镇,16.0,28.0,30.0,20.0,94.0,80.47,86.05953488372093,86.05953488372093
上海市,市辖区,嘉定区,安亭镇,121.1568281,31.2982637,43,129,70,116,466,313,37,1,2,2,8,4,0,12,92,5,1366,9,17,12,19,15,21,67,67,11,0,2,1,3,0,0,11,55,1,320,6,8,4157854185,17000634,市辖区嘉定区,市辖区嘉定区安亭镇,20.0,30.0,23.0,20.0,93.0,80.47,86.05953488372093,86.05953488372093
上海市,市辖区,嘉定区,马陆镇,121.279143,31.3349232,52,101,118,82,344,290,2,0,1,2,9,0,0,0,19,2,160,7,11,22,21,5,6,39,38,0,0,0,0,5,0,0,0,0,1,90,3,4,6547128321,17000641,市辖区嘉定区,市辖区嘉定区马陆镇,17.0,28.0,10.0,20.0,75.0,80.47,86.05953488372093,86.05953488372093
上海市,市辖区,嘉定区,徐行镇,121.2758415,31.4181495,0,100,83,77,238,262,0,1,0,1,7,1,0,0,0,10,52,4,8,0,0,17,13,58,59,0,1,0,0,3,0,0,0,0,1,3,3,1,1743778257,17000637,市辖区嘉定区,市辖区嘉定区徐行镇,20.0,28.0,5.0,13.5,66.5,80.47,86.05953488372093,86.05953488372093
上海市,市辖区,嘉定区,华亭镇,121.2376496,31.4702353,0,2,24,34,117,121,0,0,0,1,0,0,0,0,0,20,12,5,6,0,0,11,9,12,34,0,0,0,1,0,0,0,0,0,2,0,2,2,7120651343,17000638,市辖区嘉定区,市辖区嘉定区华亭镇,20.0,26.0,5.0,7.2,58.2,80.47,86.05953488372093,86.05953488372093
上海市,市辖区,嘉定区,外冈镇,121.1583417,31.365291,27,84,24,56,219,214,0,0,0,1,3,0,0,0,2,1,40,4,9,0,12,3,16,32,44,0,0,0,0,1,0,0,0,0,1,0,4,3,7120651342,17000639,市辖区嘉定区,市辖区嘉定区外冈镇,16.0,26.0,5.0,12.0,59.0,80.47,86.05953488372093,86.05953488372093
上海市,市辖区,嘉定区,江桥镇,121.327053,31.2409123,40,185,221,298,206,399,6,5,3,2,14,4,1,2,94,6,434,9,14,0,20,25,42,16,42,0,1,0,0,1,0,0,0,3,1,19,7,8,7120651341,17000636,市辖区嘉定区,市辖区嘉定区江桥镇,20.0,30.0,13.0,20.0,83.0,80.47,86.05953488372093,86.05953488372093
上海市,市辖区,浦东新区,潍坊新村街道,121.525372,31.2310958,33,277,471,241,405,950,101,6,16,14,65,7,4,55,355,23,3827,8,17,0,27,82,60,48,132,25,1,1,4,13,1,0,17,84,3,818,8,11,8850920329,12867311,市辖区浦东新区,市辖区浦东新区潍坊新村街道,20.0,30.0,28.0,20.0,98.0,88.5638888888889,86.05953488372093,86.05953488372093
上海市,市辖区,浦东新区,陆家嘴街道,121.5212637,31.2393362,39,232,452,247,444,963,102,7,17,17,67,6,3,52,371,21,3723,8,16,0,32,90,36,70,133,21,1,2,2,13,1,1,9,39,2,876,7,12,8850920330,12867312,市辖区浦东新区,市辖区浦东新区陆家嘴街道,20.0,30.0,30.0,20.0,100.0,88.5638888888889,86.05953488372093,86.05953488372093
上海市,市辖区,浦东新区,周家渡街道,121.4985752,31.1796342,69,262,213,213,272,770,35,3,5,9,45,5,3,22,272,17,4751,9,19,0,53,17,29,28,135,1,0,0,2,12,2,1,3,48,2,962,5,6,9767189114,14178772,市辖区浦东新区,市辖区浦东新区周家渡街道,20.0,30.0,30.0,20.0,100.0,88.5638888888889,86.05953488372093,86.05953488372093
上海市,市辖区,浦东新区,塘桥街道,121.5204261,31.2169987,78,318,369,247,440,921,85,6,14,19,76,8,4,42,338,30,4361,8,16,6,41,33,36,31,123,11,1,1,5,13,2,0,6,34,4,881,8,11,8850920338,12867313,市辖区浦东新区,市辖区浦东新区塘桥街道,20.0,30.0,28.0,20.0,98.0,88.5638888888889,86.05953488372093,86.05953488372093
上海市,市辖区,浦东新区,上钢新村街道,121.4781046,31.1740257,41,269,240,248,273,676,35,6,5,7,43,4,2,22,210,13,4188,9,16,10,40,39,42,21,77,6,1,0,1,7,0,1,2,28,2,734,7,11,9767286300,14178805,市辖区浦东新区,市辖区浦东新区上钢新村街道,20.0,30.0,25.0,20.0,95.0,88.5638888888889,86.05953488372093,86.05953488372093
上海市,市辖区,浦东新区,南码头路街道,121.514706,31.1985549,80,307,218,171,338,823,40,3,5,16,59,10,4,22,315,23,4168,8,16,25,27,18,25,27,75,0,0,0,5,9,0,1,3,20,2,299,5,9,9767189100,14178760,市辖区浦东新区,市辖区浦东新区南码头路街道,20.0,30.0,25.0,20.0,95.0,88.5638888888889,86.05953488372093,86.05953488372093
上海市,市辖区,浦东新区,沪东新村街道,121.5779686,31.269381,50,175,156,228,215,873,27,4,2,11,53,4,6,28,167,18,3140,9,15,13,17,13,20,37,121,0,1,0,3,10,2,0,4,24,2,447,6,9,9767350059,14178858,市辖区浦东新区,市辖区浦东新区沪东新村街道,20.0,30.0,28.0,20.0,98.0,88.5638888888889,86.05953488372093,86.05953488372093
上海市,市辖区,浦东新区,金杨新村街道,121.5691388,31.2584768,84,175,164,190,251,814,28,3,0,16,62,7,4,14,102,15,2306,9,15,13,25,37,34,28,105,4,0,0,0,7,0,0,1,19,2,162,7,9,9767310004,14178830,市辖区浦东新区,市辖区浦东新区金杨新村街道,20.0,30.0,13.0,20.0,83.0,88.5638888888889,86.05953488372093,86.05953488372093
上海市,市辖区,浦东新区,洋泾街道,121.5414205,31.2433397,65,159,317,214,348,856,66,4,15,15,69,4,2,26,183,15,2864,8,17,0,21,52,17,51,120,0,0,0,1,14,1,1,2,9,2,61,5,6,3623334286,5325929,市辖区浦东新区,市辖区浦东新区洋泾街道,20.0,30.0,30.0,20.0,100.0,88.5638888888889,86.05953488372093,86.05953488372093
上海市,市辖区,浦东新区,浦兴路街道,121.5839936,31.2687801,53,188,148,268,208,849,27,3,2,13,52,5,6,29,175,18,2917,8,16,0,0,15,30,37,116,1,1,0,4,14,2,1,10,28,2,741,6,4,3039252983,14178857,市辖区浦东新区,市辖区浦东新区浦兴路街道,20.0,30.0,30.0,20.0,100.0,88.5638888888889,86.05953488372093,86.05953488372093
上海市,市辖区,浦东新区,东明路街道,121.5185737,31.1478144,58,187,240,155,334,616,51,2,6,3,31,4,2,17,165,8,3836,9,19,14,51,35,25,39,117,0,0,1,2,6,1,2,8,35,1,559,4,9,9767401380,14178911,市辖区浦东新区,市辖区浦东新区东明路街道,20.0,30.0,30.0,20.0,100.0,88.5638888888889,86.05953488372093,86.05953488372093
上海市,市辖区,浦东新区,花木街道,121.5435573,31.2085465,94,251,226,187,315,762,69,6,16,13,50,7,4,28,209,15,2906,9,15,12,32,50,0,57,117,5,1,0,1,10,2,2,2,33,2,398,7,9,4573307509,12867438,市辖区浦东新区,市辖区浦东新区花木街道,20.0,30.0,30.0,20.0,100.0,88.5638888888889,86.05953488372093,86.05953488372093
上海市,市辖区,浦东新区,川沙新镇,121.6926175,31.1952186,51,54,249,155,338,497,4,1,10,4,28,0,0,1,76,6,500,9,13,2,18,75,13,73,133,1,0,10,1,8,0,0,1,50,2,379,8,8,3063037199,14179063,市辖区浦东新区,市辖区浦东新区川沙新镇,20.0,30.0,23.0,20.0,93.0,88.5638888888889,86.05953488372093,86.05953488372093
上海市,市辖区,浦东新区,高桥镇,121.5712201,31.3437506,0,90,79,122,277,375,29,1,4,11,12,1,1,1,15,3,1244,8,15,0,5,22,17,90,82,6,0,3,11,5,0,1,0,8,1,654,8,10,3063053516,14179071,市辖区浦东新区,市辖区浦东新区高桥镇,18.0,30.0,23.0,20.0,91.0,88.5638888888889,86.05953488372093,86.05953488372093
上海市,市辖区,浦东新区,北蔡镇,121.5502726,31.1838988,49,188,144,162,386,645,35,2,5,8,32,9,3,10,202,5,2384,9,17,0,41,30,41,26,113,6,1,3,3,8,1,1,2,32,1,459,6,6,3063064415,14179101,市辖区浦东新区,市辖区浦东新区北蔡镇,20.0,30.0,30.0,20.0,100.0,88.5638888888889,86.05953488372093,86.05953488372093
上海市,市辖区,浦东新区,合庆镇,121.7190393,31.239458,4,84,60,81,519,307,10,3,14,1,6,0,1,2,61,9,385,8,16,4,40,0,20,73,55,0,0,14,1,3,0,1,2,54,2,263,6,6,1036411320,14179128,市辖区浦东新区,市辖区浦东新区合庆镇,20.0,30.0,25.0,20.0,95.0,88.5638888888889,86.05953488372093,86.05953488372093
上海市,市辖区,浦东新区,唐镇,121.6510427,31.2103603,61,117,184,169,388,478,9,0,0,2,18,0,0,0,23,5,624,8,15,0,0,45,22,46,88,1,0,0,0,2,0,0,0,6,1,332,4,8,3063061597,14179148,市辖区浦东新区,市辖区浦东新区唐镇,20.0,28.0,11.0,20.0,79.0,88.5638888888889,86.05953488372093,86.05953488372093
上海市,市辖区,浦东新区,曹路镇,121.6625714,31.2804637,48,85,119,138,302,374,8,0,2,7,13,2,1,2,77,9,1404,8,14,13,0,22,31,23,80,0,0,0,1,5,0,0,0,9,1,333,3,6,3063048235,14179174,市辖区浦东新区,市辖区浦东新区曹路镇,20.0,28.0,21.0,20.0,89.0,88.5638888888889,86.05953488372093,86.05953488372093
上海市,市辖区,浦东新区,金桥镇,121.6070759,31.2682068,40,146,131,263,227,781,18,3,2,8,37,5,5,28,128,10,2582,7,16,10,29,17,47,13,106,3,1,0,1,3,0,0,2,13,2,342,4,7,3063057576,14179186,市辖区浦东新区,市辖区浦东新区金桥镇,20.0,30.0,23.0,20.0,93.0,88.5638888888889,86.05953488372093,86.05953488372093
上海市,市辖区,浦东新区,高行镇,121.602323,31.2947795,64,187,154,261,249,627,15,2,2,4,34,1,3,17,111,10,1620,7,17,20,39,7,22,31,54,1,0,0,0,3,0,0,0,8,2,78,5,7,3063055910,14179185,市辖区浦东新区,市辖区浦东新区高行镇,20.0,30.0,16.0,20.0,86.0,88.5638888888889,86.05953488372093,86.05953488372093
上海市,市辖区,浦东新区,高东镇,121.6185558,31.3289052,22,86,34,157,261,410,8,0,0,2,6,2,0,0,13,3,438,9,14,0,6,3,16,50,62,0,0,0,1,2,0,0,0,1,1,11,7,5,3063051270,14179184,市辖区浦东新区,市辖区浦东新区高东镇,18.0,28.0,11.0,20.0,77.0,88.5638888888889,86.05953488372093,86.05953488372093
上海市,市辖区,浦东新区,张江镇,121.6101825,31.2073473,39,188,211,218,363,567,26,2,2,2,20,0,1,4,49,3,687,9,17,0,9,42,48,45,78,1,0,1,0,5,0,1,3,11,1,47,7,10,3063059715,14179188,市辖区浦东新区,市辖区浦东新区张江镇,18.0,30.0,20.0,20.0,88.0,88.5638888888889,86.05953488372093,86.05953488372093
上海市,市辖区,浦东新区,三林镇,121.4979529,31.1472727,69,296,198,262,322,684,58,6,4,4,40,3,3,18,158,8,4317,9,18,2,56,35,11,50,103,32,0,1,1,9,0,0,5,46,3,1085,5,8,3063052818,14179226,市辖区浦东新区,市辖区浦东新区三林镇,20.0,30.0,23.0,20.0,93.0,88.5638888888889,86.05953488372093,86.05953488372093
上海市,市辖区,浦东新区,惠南镇,121.7450868,31.0497502,0,126,315,221,286,720,10,0,3,5,27,1,2,18,304,3,5534,5,9,0,13,47,47,60,136,2,0,1,1,7,0,2,11,152,2,1170,3,6,3063070373,14179286,市辖区浦东新区,市辖区浦东新区惠南镇,18.0,28.0,25.0,20.0,91.0,88.5638888888889,86.05953488372093,86.05953488372093
上海市,市辖区,浦东新区,周浦镇,121.5707698,31.1162134,4,57,129,199,335,568,13,1,5,9,29,8,1,13,240,2,4297,9,16,0,10,15,14,37,89,3,0,0,0,9,1,1,5,116,1,481,6,8,1611212497,14179320,市辖区浦东新区,市辖区浦东新区周浦镇,17.0,30.0,25.0,20.0,92.0,88.5638888888889,86.05953488372093,86.05953488372093
上海市,市辖区,浦东新区,新场镇,121.6491855,31.0281695,0,69,82,64,310,268,4,1,0,1,8,0,3,6,79,2,1787,7,10,0,25,20,23,35,52,3,0,0,1,5,0,3,6,29,1,479,7,6,3063075187,14179332,市辖区浦东新区,市辖区浦东新区新场镇,17.0,30.0,20.0,20.0,87.0,88.5638888888889,86.05953488372093,86.05953488372093
上海市,市辖区,浦东新区,大团镇,121.743901,30.9730022,37,36,56,29,236,198,0,2,1,1,4,0,0,0,29,2,281,6,7,0,2,18,23,19,36,0,0,0,1,3,0,0,0,26,1,201,5,4,3048889867,14179370,市辖区浦东新区,市辖区浦东新区大团镇,17.0,28.0,21.0,19.0,85.0,88.5638888888889,86.05953488372093,86.05953488372093
上海市,市辖区,浦东新区,康桥镇,121.6314076,31.1353367,19,97,120,48,326,235,24,2,2,8,2,3,0,3,116,11,708,9,13,9,29,17,0,33,22,0,0,0,0,0,0,0,0,0,1,6,4,4,3063109505,14179369,市辖区浦东新区,市辖区浦东新区康桥镇,20.0,30.0,5.0,20.0,75.0,88.5638888888889,86.05953488372093,86.05953488372093
上海市,市辖区,浦东新区,航头镇,121.5830009,31.035378,0,69,125,115,298,288,7,1,1,2,3,1,0,5,23,6,466,8,14,0,8,43,14,26,76,6,1,1,0,2,1,0,4,11,1,136,6,10,3063088282,14179368,市辖区浦东新区,市辖区浦东新区航头镇,20.0,30.0,23.0,20.0,93.0,88.5638888888889,86.05953488372093,86.05953488372093
上海市,市辖区,浦东新区,祝桥镇,121.7526182,31.1172929,0,38,89,197,315,281,63,0,1,1,5,0,0,0,16,3,2498,7,13,0,0,15,36,38,46,0,0,1,1,3,0,0,0,4,1,830,3,6,3063117933,14179522,市辖区浦东新区,市辖区浦东新区祝桥镇,18.0,28.0,19.0,20.0,85.0,88.5638888888889,86.05953488372093,86.05953488372093
上海市,市辖区,浦东新区,泥城镇,121.8262561,30.9064963,2,51,101,160,299,283,5,1,1,0,8,4,0,0,0,1,324,7,15,0,17,25,30,40,39,0,0,0,0,1,0,0,0,0,1,32,4,6,3063120187,14180408,市辖区浦东新区,市辖区浦东新区泥城镇,16.0,30.0,10.0,20.0,76.0,88.5638888888889,86.05953488372093,86.05953488372093
上海市,市辖区,浦东新区,宣桥镇,121.6902246,31.0377021,28,20,105,71,184,209,4,0,1,0,3,0,0,1,8,2,1591,5,8,0,12,18,16,14,42,0,0,1,0,0,0,0,0,0,1,279,2,4,3063115680,14180407,市辖区浦东新区,市辖区浦东新区宣桥镇,17.0,28.0,5.0,20.0,70.0,88.5638888888889,86.05953488372093,86.05953488372093
上海市,市辖区,浦东新区,书院镇,121.8642125,30.9854426,32,0,46,99,327,182,3,1,0,0,5,0,0,0,19,1,505,5,10,0,0,5,37,57,69,0,0,0,0,4,0,0,0,9,1,294,5,6,4432674815,14180406,市辖区浦东新区,市辖区浦东新区书院镇,16.0,30.0,11.0,20.0,77.0,88.5638888888889,86.05953488372093,86.05953488372093
上海市,市辖区,浦东新区,万祥镇,121.8114256,30.9752011,4,33,46,43,215,200,0,0,0,0,1,0,0,0,0,3,55,4,5,0,12,10,17,24,64,0,0,0,0,1,0,0,0,0,1,38,3,2,3063143852,14180410,市辖区浦东新区,市辖区浦东新区万祥镇,18.0,26.0,5.0,14.3,63.3,88.5638888888889,86.05953488372093,86.05953488372093
上海市,市辖区,浦东新区,老港镇,121.8358713,31.0414738,34,22,44,72,109,190,0,0,0,0,2,0,0,0,2,3,96,3,6,0,12,9,24,24,46,0,0,0,0,1,0,0,0,2,2,82,3,3,3063146103,14180412,市辖区浦东新区,市辖区浦东新区老港镇,18.0,25.0,7.0,18.0,68.0,88.5638888888889,86.05953488372093,86.05953488372093
上海市,市辖区,浦东新区,南汇新城镇,121.9218393,30.8998671,0,136,262,174,210,431,26,1,2,1,18,1,0,1,8,1,471,9,16,0,27,28,17,43,58,6,0,1,0,0,0,0,1,2,1,30,6,10,3796946259,14180411,市辖区浦东新区,市辖区浦东新区南汇新城镇,16.0,30.0,9.0,20.0,75.0,88.5638888888889,86.05953488372093,86.05953488372093
上海市,市辖区,金山区,石化街道,121.3321733,30.7278708,46,23,39,320,40,585,17,2,17,2,20,1,1,12,27,6,174,8,11,0,0,5,53,13,111,0,1,1,0,6,1,1,5,3,2,9,4,6,4194618436,18058389,市辖区金山区,市辖区金山区石化街道,20.0,30.0,22.0,20.0,92.0,74.85,86.05953488372093,86.05953488372093
上海市,市辖区,金山区,朱泾镇,121.1620548,30.9012811,40,37,79,133,168,307,1,0,0,2,9,1,0,0,0,4,28,7,10,14,6,25,47,20,119,1,0,0,2,6,1,0,0,0,1,16,4,5,3451468217,18058385,市辖区金山区,市辖区金山区朱泾镇,19.0,28.0,15.0,12.4,74.4,74.85,86.05953488372093,86.05953488372093
上海市,市辖区,金山区,枫泾镇,121.0101309,30.8908291,39,12,7,170,130,249,2,5,3,4,4,3,2,2,65,1,1784,7,9,20,5,0,47,40,56,2,0,1,2,3,0,1,2,13,1,224,4,8,855287550,18058390,市辖区金山区,市辖区金山区枫泾镇,16.0,30.0,25.0,20.0,91.0,74.85,86.05953488372093,86.05953488372093
上海市,市辖区,金山区,张堰镇,121.293652,30.8038616,0,45,49,133,101,306,0,0,0,0,10,1,0,0,0,6,26,5,8,0,12,24,26,23,90,0,0,0,0,2,0,0,0,0,2,1,3,1,3459328517,18058388,市辖区金山区,市辖区金山区张堰镇,20.0,26.0,5.0,10.7,61.7,74.85,86.05953488372093,86.05953488372093
上海市,市辖区,金山区,亭林镇,121.3089829,30.884654,39,30,57,82,131,251,11,2,5,2,8,2,14,5,428,14,4871,6,12,19,10,18,29,32,87,4,0,5,1,5,1,7,5,257,6,2620,6,7,3459350605,16230588,市辖区金山区,市辖区金山区亭林镇,20.0,30.0,30.0,20.0,100.0,74.85,86.05953488372093,86.05953488372093
上海市,市辖区,金山区,吕巷镇,121.1786532,30.8344557,0,21,13,26,86,290,0,0,0,0,2,0,0,0,0,1,1,4,2,0,15,0,18,8,83,0,0,0,0,2,0,0,0,0,1,0,2,2,3451473049,18058386,市辖区金山区,市辖区金山区吕巷镇,16.0,26.0,5.0,2.1,49.1,74.85,86.05953488372093,86.05953488372093
上海市,市辖区,金山区,廊下镇,121.1882438,30.7928984,0,39,8,19,48,185,0,0,0,1,2,0,0,0,0,1,13,3,6,0,21,4,8,14,48,0,0,0,0,1,0,0,0,0,1,6,2,3,3459323081,18052560,市辖区金山区,市辖区金山区廊下镇,16.0,25.0,5.0,7.9,53.9,74.85,86.05953488372093,86.05953488372093
上海市,市辖区,金山区,金山卫镇,121.3131763,30.7275685,44,8,33,292,36,411,2,2,14,1,12,1,1,8,13,5,253,6,9,10,0,6,27,5,64,0,0,0,1,3,0,0,0,2,1,3,3,5,4194619391,18058384,市辖区金山区,市辖区金山区金山卫镇,20.0,28.7,17.0,20.0,85.7,74.85,86.05953488372093,86.05953488372093
上海市,市辖区,金山区,漕泾镇,121.4061818,30.7963284,39,28,28,52,211,142,2,3,0,0,2,0,0,0,0,2,16,6,8,0,9,7,23,67,42,0,0,0,0,1,0,0,0,0,1,1,4,3,4194612884,18058387,市辖区金山区,市辖区金山区漕泾镇,17.0,30.0,5.0,9.7,61.7,74.85,86.05953488372093,86.05953488372093
上海市,市辖区,金山区,山阳镇,121.35179,30.7637853,41,26,56,251,159,434,19,3,12,1,13,0,0,2,15,4,823,6,10,0,0,25,61,18,82,0,1,0,0,2,0,0,0,0,1,144,2,5,4194619390,18058383,市辖区金山区,市辖区金山区山阳镇,19.0,30.0,10.0,20.0,79.0,74.85,86.05953488372093,86.05953488372093
上海市,市辖区,松江区,岳阳街道,121.2313372,31.0182765,0,86,307,121,181,726,34,4,27,6,25,5,0,19,34,4,2440,8,14,0,19,43,9,15,107,3,0,12,1,4,1,0,3,2,1,295,4,9,3509760528,16202388,市辖区松江区,市辖区松江区岳阳街道,19.0,30.0,24.0,20.0,93.0,80.49411764705883,86.05953488372093,86.05953488372093
上海市,市辖区,松江区,永丰街道,121.2108739,31.0062946,0,45,264,98,163,604,8,2,19,4,24,4,0,9,7,2,1453,8,14,0,0,26,14,20,80,3,0,0,1,6,0,0,1,1,1,32,5,6,3509760529,16202389,市辖区松江区,市辖区松江区永丰街道,17.0,30.0,18.0,20.0,85.0,80.49411764705883,86.05953488372093,86.05953488372093
上海市,市辖区,松江区,方松街道,121.1926503,31.0356011,0,24,341,110,323,604,54,2,21,3,12,5,0,24,24,3,1596,9,15,0,0,39,39,86,91,18,1,2,0,3,0,0,0,4,1,164,5,4,3506913873,5117873,市辖区松江区,市辖区松江区方松街道,18.0,30.0,14.0,20.0,82.0,80.49411764705883,86.05953488372093,86.05953488372093
上海市,市辖区,松江区,中山街道,121.24118,31.0384758,0,113,327,199,167,727,42,3,23,5,16,4,0,12,39,4,2269,8,17,0,0,55,31,50,65,6,0,5,2,4,0,0,2,15,1,637,4,6,3509760527,17191453,市辖区松江区,市辖区松江区中山街道,19.0,30.0,23.0,20.0,92.0,80.49411764705883,86.05953488372093,86.05953488372093
上海市,市辖区,松江区,广富林街道,121.217627,31.051115,0,49,350,168,305,645,63,4,18,6,14,4,0,24,38,4,2280,9,18,0,6,43,4,22,62,3,0,0,1,1,1,0,0,1,1,93,6,9,4214939948,16202387,市辖区松江区,市辖区松江区广富林街道,19.0,30.0,21.0,20.0,90.0,80.49411764705883,86.05953488372093,86.05953488372093
上海市,市辖区,松江区,九里亭街道,121.3065846,31.1434576,10,82,92,253,978,482,22,1,6,3,10,1,2,7,111,34,1040,9,14,0,18,4,61,300,106,10,0,1,1,5,0,0,6,35,9,155,7,11,4214939953,16162302,市辖区松江区,市辖区松江区九里亭街道,20.0,30.0,23.0,20.0,93.0,80.49411764705883,86.05953488372093,86.05953488372093
上海市,市辖区,松江区,泗泾镇,121.2668392,31.1205012,0,57,153,164,300,398,2,2,2,1,9,2,0,0,95,36,187,7,10,0,0,33,7,52,56,0,0,2,0,3,0,0,0,22,7,16,6,9,3529436627,17016138,市辖区松江区,市辖区松江区泗泾镇,20.0,30.0,16.0,20.0,86.0,80.49411764705883,86.05953488372093,86.05953488372093
上海市,市辖区,松江区,佘山镇,121.1705058,31.0972806,0,0,195,48,364,198,13,0,1,1,2,1,0,0,2,2,68,8,17,0,0,22,33,34,40,0,0,1,1,1,1,0,0,0,1,7,4,6,3509672633,17685018,市辖区松江区,市辖区松江区佘山镇,17.0,28.0,20.0,15.5,80.5,80.49411764705883,86.05953488372093,86.05953488372093
上海市,市辖区,松江区,车墩镇,121.3103994,31.017443,36,23,45,92,243,210,12,2,0,0,2,0,0,0,0,2,362,6,11,20,3,9,14,44,40,1,0,0,0,2,0,0,0,0,1,55,6,5,3573474893,17191450,市辖区松江区,市辖区松江区车墩镇,17.0,30.0,5.0,20.0,72.0,80.49411764705883,86.05953488372093,86.05953488372093
上海市,市辖区,松江区,新桥镇,121.3111233,31.0619485,0,37,111,120,199,334,5,1,3,0,3,0,0,0,1,1,517,6,11,0,4,19,31,68,106,5,1,3,0,2,0,0,0,0,1,33,5,8,3529441329,17191452,市辖区松江区,市辖区松江区新桥镇,16.0,30.0,10.0,20.0,76.0,80.49411764705883,86.05953488372093,86.05953488372093
上海市,市辖区,松江区,洞泾镇,121.264715,31.0842526,0,51,175,228,265,334,0,2,2,2,8,2,0,1,27,9,561,7,13,0,8,7,29,32,52,0,0,2,0,1,0,0,1,4,1,67,6,8,3529437367,17191451,市辖区松江区,市辖区松江区洞泾镇,20.0,28.0,16.0,20.0,84.0,80.49411764705883,86.05953488372093,86.05953488372093
上海市,市辖区,松江区,九亭镇,121.3248448,31.1341726,9,123,104,261,908,505,19,0,8,4,16,2,2,9,105,51,1199,8,15,0,0,25,29,72,74,0,0,4,1,0,1,0,0,2,7,36,4,6,2692510954,16202386,市辖区松江区,市辖区松江区九亭镇,20.0,28.0,17.0,20.0,85.0,80.49411764705883,86.05953488372093,86.05953488372093
上海市,市辖区,松江区,泖港镇,121.2091684,30.935509,0,37,33,97,471,179,0,2,0,0,2,1,0,0,0,4,4,5,8,0,12,0,39,60,40,0,0,0,0,1,1,0,0,0,3,0,4,5,3529435317,17885626,市辖区松江区,市辖区松江区泖港镇,19.0,28.0,10.0,8.4,65.4,80.49411764705883,86.05953488372093,86.05953488372093
上海市,市辖区,松江区,石湖荡镇,121.1147572,30.9865242,0,1,51,62,689,103,1,1,0,0,1,0,0,0,0,1,12,5,7,0,0,12,20,109,23,0,1,0,0,1,0,0,0,0,1,5,5,6,3529442323,16490107,市辖区松江区,市辖区松江区石湖荡镇,16.0,30.0,5.0,8.7,59.7,80.49411764705883,86.05953488372093,86.05953488372093
上海市,市辖区,松江区,新浜镇,121.0635788,30.935345,0,37,0,133,279,144,5,0,3,0,1,1,1,0,2,2,202,4,11,0,15,0,49,10,34,0,0,0,0,1,1,0,0,0,1,1,4,4,2971524491,17715762,市辖区松江区,市辖区松江区新浜镇,17.0,28.0,15.0,20.0,80.0,80.49411764705883,86.05953488372093,86.05953488372093
上海市,市辖区,松江区,叶榭镇,121.3158735,30.9458501,15,20,12,68,378,119,1,1,0,0,1,0,0,0,0,4,1514,7,8,8,6,0,19,35,66,1,1,0,0,1,0,0,0,0,1,629,3,2,3459360086,17885642,市辖区松江区,市辖区松江区叶榭镇,19.0,30.0,5.0,20.0,74.0,80.49411764705883,86.05953488372093,86.05953488372093
上海市,市辖区,松江区,小昆山镇,121.1331801,31.0391478,0,0,122,62,294,225,6,3,2,1,2,1,0,0,6,1,75,7,14,0,0,23,13,45,42,2,1,1,0,0,0,0,0,4,1,3,4,10,3509673074,17685019,市辖区松江区,市辖区松江区小昆山镇,16.0,30.0,9.0,15.8,70.8,80.49411764705883,86.05953488372093,86.05953488372093
上海市,市辖区,青浦区,夏阳街道,121.120585,31.1501939,60,46,303,99,520,564,4,6,13,2,22,3,1,4,27,5,910,9,13,0,19,57,4,92,106,0,1,3,0,3,0,1,3,6,2,410,6,5,4192662349,12979861,市辖区青浦区,市辖区青浦区夏阳街道,20.0,30.0,20.0,20.0,90.0,82.23636363636363,86.05953488372093,86.05953488372093
上海市,市辖区,青浦区,盈浦街道,121.1098573,31.1475268,56,66,301,103,558,576,10,5,13,2,20,1,1,5,71,5,874,9,12,8,0,39,8,103,118,1,1,2,0,7,1,1,0,5,1,197,8,8,4192662350,12979868,市辖区青浦区,市辖区青浦区盈浦街道,20.0,30.0,22.0,20.0,92.0,82.23636363636363,86.05953488372093,86.05953488372093
上海市,市辖区,青浦区,香花桥街道,121.1180277,31.1731032,4,60,288,45,469,534,18,5,10,2,14,1,1,4,66,4,1345,8,13,2,0,39,8,32,40,0,0,0,0,0,0,0,0,0,1,53,5,5,4192662351,12979865,市辖区青浦区,市辖区青浦区香花桥街道,19.0,30.0,5.0,20.0,74.0,82.23636363636363,86.05953488372093,86.05953488372093
上海市,市辖区,青浦区,朱家角镇,121.041558,31.1056503,47,20,145,184,536,366,11,1,9,2,7,0,0,0,12,1,175,9,16,16,4,26,14,71,70,2,0,7,0,5,0,0,0,5,1,52,8,9,2282173827,12979869,市辖区青浦区,市辖区青浦区朱家角镇,16.0,30.0,15.0,20.0,81.0,82.23636363636363,86.05953488372093,86.05953488372093
上海市,市辖区,青浦区,练塘镇,121.0479248,31.0020292,0,33,74,90,403,217,21,1,21,2,5,5,1,3,189,7,2898,9,12,0,5,26,14,65,28,5,0,15,1,1,5,0,0,7,2,736,5,7,4192673177,12979870,市辖区青浦区,市辖区青浦区练塘镇,20.0,30.0,26.0,20.0,96.0,82.23636363636363,86.05953488372093,86.05953488372093
上海市,市辖区,青浦区,金泽镇,120.916705,31.038903,57,11,0,68,308,110,4,1,2,0,2,0,0,0,3,2,9,9,9,20,0,0,25,113,50,4,0,2,0,2,0,0,0,2,1,7,7,5,4192673178,12979871,市辖区青浦区,市辖区青浦区金泽镇,17.0,30.0,12.0,9.6,68.6,82.23636363636363,86.05953488372093,86.05953488372093
上海市,市辖区,青浦区,赵巷镇,121.1917468,31.1510862,44,14,150,107,272,328,2,4,0,0,3,0,0,0,2,2,125,5,12,14,1,15,18,26,31,0,0,0,0,1,0,0,0,0,1,3,3,4,4192662352,12979867,市辖区青浦区,市辖区青浦区赵巷镇,17.0,30.0,5.0,20.0,72.0,82.23636363636363,86.05953488372093,86.05953488372093
上海市,市辖区,青浦区,徐泾镇,121.2681697,31.174778,41,2,266,252,257,387,12,0,2,3,12,2,1,9,42,2,142,9,13,6,0,33,30,11,54,3,0,2,1,4,1,1,8,15,1,17,3,7,4192662353,12979866,市辖区青浦区,市辖区青浦区徐泾镇,17.0,28.0,30.0,20.0,95.0,82.23636363636363,86.05953488372093,86.05953488372093
上海市,市辖区,青浦区,华新镇,121.2228685,31.2477102,0,105,57,190,408,309,3,2,0,0,3,0,1,3,6,2,189,7,11,0,0,11,20,60,50,0,0,0,0,2,0,0,0,2,1,27,3,6,4192673175,12979864,市辖区青浦区,市辖区青浦区华新镇,17.0,30.0,7.0,20.0,74.0,82.23636363636363,86.05953488372093,86.05953488372093
上海市,市辖区,青浦区,重固镇,121.1734526,31.2024544,2,50,94,96,361,211,0,0,0,0,3,0,0,0,1,1,133,8,12,0,0,23,23,69,23,0,0,0,0,2,0,0,0,0,1,1,4,8,4192673176,12979862,市辖区青浦区,市辖区青浦区重固镇,16.0,26.0,5.0,20.0,67.0,82.23636363636363,86.05953488372093,86.05953488372093
上海市,市辖区,青浦区,白鹤镇,121.1385839,31.2611326,0,28,138,36,530,264,67,2,3,4,7,6,6,2,78,5,1244,9,19,0,0,38,0,90,42,16,0,3,4,2,0,1,2,29,2,213,4,10,4061722333,12979863,市辖区青浦区,市辖区青浦区白鹤镇,20.0,30.0,25.0,20.0,95.0,82.23636363636363,86.05953488372093,86.05953488372093
上海市,市辖区,奉贤区,西渡街道,121.4523124,30.9936317,41,51,18,51,348,270,2,0,2,1,5,0,1,0,8,1,161,8,10,0,0,0,3,72,8,0,0,0,0,0,0,0,0,0,1,4,3,2,12079993108,17885603,市辖区奉贤区,市辖区奉贤区西渡街道,16.0,28.0,5.0,20.0,69.0,72.05454545454546,86.05953488372093,86.05953488372093
上海市,市辖区,奉贤区,奉浦街道,121.454587,30.9452799,0,62,83,76,171,495,1,0,0,1,13,1,0,2,9,3,242,6,11,0,14,8,3,14,65,1,0,0,0,4,1,0,0,3,1,33,3,6,12079993109,17885601,市辖区奉贤区,市辖区奉贤区奉浦街道,18.0,28.0,13.0,20.0,79.0,72.05454545454546,86.05953488372093,86.05953488372093
上海市,市辖区,奉贤区,金海街道,121.4832115,30.953101,26,93,107,134,223,478,3,2,0,0,12,0,0,0,12,2,159,7,11,0,26,0,5,58,60,0,0,0,0,2,0,0,0,0,1,8,5,4,12079993110,17885602,市辖区奉贤区,市辖区奉贤区金海街道,17.0,30.0,5.0,20.0,72.0,72.05454545454546,86.05953488372093,86.05953488372093
上海市,市辖区,奉贤区,南桥镇,121.4541655,30.9056087,0,39,143,66,224,575,0,1,11,3,21,1,0,3,31,4,410,7,9,0,6,17,14,35,102,0,0,2,1,8,1,0,0,2,2,4,3,4,10844907074,17885600,市辖区奉贤区,市辖区奉贤区南桥镇,19.0,28.0,22.0,20.0,89.0,72.05454545454546,86.05953488372093,86.05953488372093
上海市,市辖区,奉贤区,奉城镇,121.6420842,30.9155356,0,34,67,88,205,214,0,0,0,1,8,1,0,0,0,1,381,5,4,0,5,7,21,17,44,0,0,0,1,5,1,0,0,0,1,179,4,4,3041297216,17885593,市辖区奉贤区,市辖区奉贤区奉城镇,16.0,26.0,15.0,16.0,73.0,72.05454545454546,86.05953488372093,86.05953488372093
上海市,市辖区,奉贤区,庄行镇,121.3926871,30.9036745,0,66,48,21,222,200,0,0,0,0,4,0,0,0,0,2,6,5,9,0,3,5,9,22,36,0,0,0,0,3,0,0,0,0,1,0,4,3,3459332549,17885599,市辖区奉贤区,市辖区奉贤区庄行镇,17.0,26.0,5.0,8.6,56.6,72.05454545454546,86.05953488372093,86.05953488372093
上海市,市辖区,奉贤区,金汇镇,121.4974007,30.9913336,72,65,52,93,379,250,3,0,3,0,4,2,1,3,9,3,73,6,8,0,0,0,22,38,20,3,0,3,0,2,1,1,3,1,1,7,5,4,3045626417,17885595,市辖区奉贤区,市辖区奉贤区金汇镇,18.0,28.0,20.0,16.0,82.0,72.05454545454546,86.05953488372093,86.05953488372093
上海市,市辖区,奉贤区,四团镇,121.7187095,30.9410655,22,30,29,52,223,153,0,0,0,0,4,0,0,0,0,1,182,7,7,9,22,22,10,42,46,0,0,0,0,2,0,0,0,0,1,125,4,3,3041302179,17809482,市辖区奉贤区,市辖区奉贤区四团镇,16.0,26.0,5.0,19.0,66.0,72.05454545454546,86.05953488372093,86.05953488372093
上海市,市辖区,奉贤区,青村镇,121.5773355,30.9257983,0,62,67,65,252,200,0,0,0,0,2,0,0,1,16,1,372,6,5,0,8,26,13,49,56,0,0,0,0,2,0,0,1,16,1,311,5,4,244079471,17885594,市辖区奉贤区,市辖区奉贤区青村镇,16.0,26.0,13.0,17.0,72.0,72.05454545454546,86.05953488372093,86.05953488372093
上海市,市辖区,奉贤区,柘林镇,121.4690275,30.832309,25,19,29,32,254,186,3,3,0,2,1,0,0,0,0,1,46,9,10,3,11,1,6,44,38,0,0,0,1,1,0,0,0,0,1,4,6,5,3063239433,17885598,市辖区奉贤区,市辖区奉贤区柘林镇,16.0,30.0,10.0,13.0,69.0,72.05454545454546,86.05953488372093,86.05953488372093
上海市,市辖区,奉贤区,海湾镇,121.5632449,30.8629432,8,0,13,47,222,112,6,1,0,0,3,0,0,0,1,1,60,6,13,6,0,7,17,18,34,0,1,0,0,1,0,0,0,0,1,0,5,9,3063236228,17885597,市辖区奉贤区,市辖区奉贤区海湾镇,16.0,30.0,5.0,14.0,65.0,72.05454545454546,86.05953488372093,86.05953488372093
上海市,市辖区,崇明区,城桥镇,121.393374,31.6298187,0,41,52,132,64,353,5,2,9,3,13,0,0,4,3,2,1164,5,9,0,0,13,35,6,124,3,0,6,0,8,0,0,4,2,2,344,2,5,4144033841,18778248,市辖区崇明区,市辖区崇明区城桥镇,17.0,30.0,14.0,20.0,81.0,60.111111111111114,86.05953488372093,86.05953488372093
上海市,市辖区,崇明区,堡镇,121.6138167,31.538873,0,36,25,38,333,158,0,0,0,2,7,0,1,1,3,1,37,5,4,0,12,13,16,50,76,0,0,0,2,5,0,1,1,3,1,3,4,3,2861355389,18310022,市辖区崇明区,市辖区崇明区堡镇,16.0,26.0,17.0,8.0,67.0,60.111111111111114,86.05953488372093,86.05953488372093
上海市,市辖区,崇明区,新河镇,121.5161406,31.5852267,0,27,20,56,260,142,0,1,1,0,2,0,0,0,0,1,10,6,3,0,6,11,9,30,60,0,1,1,0,2,0,0,0,0,1,1,4,2,3737040051,18778253,市辖区崇明区,市辖区崇明区新河镇,16.0,28.0,10.0,4.1,58.1,60.111111111111114,86.05953488372093,86.05953488372093
上海市,市辖区,崇明区,庙镇,121.3439921,31.7151444,0,10,9,31,37,120,0,0,0,1,2,0,0,0,0,1,0,5,2,0,0,7,10,7,24,0,0,0,1,2,0,0,0,0,1,0,4,2,4144033842,18778250,市辖区崇明区,市辖区崇明区庙镇,16.0,25.5,10.0,2.0,53.5,60.111111111111114,86.05953488372093,86.05953488372093
上海市,市辖区,崇明区,竖新镇,121.5994474,31.6168584,0,0,31,61,128,112,0,0,0,0,0,1,0,0,0,1,31,5,6,0,0,7,10,13,27,0,0,0,0,0,0,0,0,0,1,0,3,4,4144033857,18778255,市辖区崇明区,市辖区崇明区竖新镇,16.0,26.0,0.0,9.1,51.1,60.111111111111114,86.05953488372093,86.05953488372093
上海市,市辖区,崇明区,向化镇,121.7193425,31.5227486,0,29,24,11,595,72,1,0,0,0,0,0,0,0,0,1,98,6,5,0,0,5,6,93,18,1,0,0,0,0,0,0,0,0,1,1,4,2,4144033845,18309973,市辖区崇明区,市辖区崇明区向化镇,16.0,28.0,0.0,14.9,58.9,60.111111111111114,86.05953488372093,86.05953488372093
上海市,市辖区,崇明区,三星镇,121.2834336,31.7452937,0,23,10,31,44,80,0,1,7,0,2,0,0,0,0,1,7,6,5,0,10,5,5,6,20,0,0,7,0,1,0,0,0,0,1,6,3,4,4144033844,18778246,市辖区崇明区,市辖区崇明区三星镇,16.0,28.0,10.0,6.3,60.3,60.111111111111114,86.05953488372093,86.05953488372093
上海市,市辖区,崇明区,港沿镇,121.6519182,31.5898668,0,0,17,19,53,76,0,0,0,0,0,0,0,0,0,1,22,4,3,0,0,11,5,8,20,0,0,0,0,0,0,0,0,0,1,13,3,3,4144033860,18310005,市辖区崇明区,市辖区崇明区港沿镇,16.0,26.0,0.0,6.5,48.5,60.111111111111114,86.05953488372093,86.05953488372093
上海市,市辖区,崇明区,中兴镇,121.7535663,31.5260114,0,16,18,8,329,78,0,0,0,0,2,0,0,0,0,1,106,6,3,0,6,7,0,56,19,0,0,0,0,2,0,0,0,0,1,88,5,3,4144033843,18309974,市辖区崇明区,市辖区崇明区中兴镇,16.0,26.0,5.0,15.0,62.0,60.111111111111114,86.05953488372093,86.05953488372093
上海市,市辖区,崇明区,陈家镇,121.8283859,31.528379,0,0,68,58,229,143,0,0,0,0,4,0,0,0,5,4,18,7,9,0,0,23,10,13,16,0,0,0,0,2,0,0,0,1,2,0,3,4,2861397034,18309975,市辖区崇明区,市辖区崇明区陈家镇,19.0,26.0,6.0,9.8,60.8,60.111111111111114,86.05953488372093,86.05953488372093
上海市,市辖区,崇明区,绿华镇,121.2151974,31.7631672,0,0,1,59,103,66,1,0,0,0,0,0,0,0,0,1,1,5,7,0,0,1,14,17,16,0,0,0,0,0,0,0,0,0,1,0,3,3,4144033855,18778247,市辖区崇明区,市辖区崇明区绿华镇,16.0,28.0,0.0,7.1,51.1,60.111111111111114,86.05953488372093,86.05953488372093
上海市,市辖区,崇明区,港西镇,121.4112389,31.6892293,0,0,13,33,105,98,0,0,0,0,0,0,0,0,0,2,0,5,4,0,0,2,7,10,20,0,0,0,0,0,0,0,0,0,1,0,5,1,4144033858,18778251,市辖区崇明区,市辖区崇明区港西镇,17.0,26.0,0.0,4.0,47.0,60.111111111111114,86.05953488372093,86.05953488372093
上海市,市辖区,崇明区,建设镇,121.4509611,31.656486,0,8,26,37,123,75,0,0,0,0,0,0,0,1,1,1,13,5,9,0,0,2,2,25,12,0,0,0,0,0,0,0,1,0,1,11,4,5,4144033856,18778252,市辖区崇明区,市辖区崇明区建设镇,16.0,26.0,2.0,10.4,54.4,60.111111111111114,86.05953488372093,86.05953488372093
上海市,市辖区,崇明区,新海镇,121.2885326,31.8199336,0,0,14,33,67,74,0,0,0,0,0,0,0,0,0,1,0,4,5,0,0,8,1,11,16,0,0,0,0,0,0,0,0,0,1,0,4,3,4144033862,18778249,市辖区崇明区,市辖区崇明区新海镇,16.0,26.0,0.0,5.0,47.0,60.111111111111114,86.05953488372093,86.05953488372093
上海市,市辖区,崇明区,东平镇,121.5368094,31.6775346,0,0,23,23,21,74,6,0,0,0,2,0,0,0,0,1,17,4,12,0,0,6,16,2,30,1,0,0,0,2,0,0,0,0,1,1,2,5,4144033861,18778254,市辖区崇明区,市辖区崇明区东平镇,16.0,22.8,5.0,9.8,53.599999999999994,60.111111111111114,86.05953488372093,86.05953488372093
上海市,市辖区,崇明区,长兴镇,121.6895931,31.391859,0,0,54,63,407,112,4,3,0,2,12,0,0,0,2,1,157,8,14,0,0,11,7,124,44,1,0,0,2,5,0,0,0,0,1,3,5,10,4144033867,16469113,市辖区崇明区,市辖区崇明区长兴镇,16.0,30.0,10.0,20.0,76.0,60.111111111111114,86.05953488372093,86.05953488372093
上海市,市辖区,崇明区,新村乡,121.3276315,31.8311419,0,0,8,4,36,64,0,0,2,1,1,1,0,0,0,1,13,4,8,0,0,5,1,20,17,0,0,2,1,1,1,0,0,0,1,12,3,5,4144033868,18778245,市辖区崇明区,市辖区崇明区新村乡,16.0,26.0,20.0,10.5,72.5,60.111111111111114,86.05953488372093,86.05953488372093
上海市,市辖区,崇明区,横沙乡,121.8375283,31.3427721,0,0,6,18,381,81,0,0,5,0,2,5,0,0,0,18,62,6,8,0,0,3,8,100,33,0,0,5,0,2,5,0,0,0,2,40,3,4,4144033869,15708308,市辖区崇明区,市辖区崇明区横沙乡,20.0,26.0,15.0,18.200000000000003,79.2,60.111111111111114,86.05953488372093,86.05953488372093
